Workbook

Sheet RUBRIC
A1: Category | B1: Specification | C1: Clearly evident | D1: Mostly evident | E1: Minimally / vaguely evident | F1: Not yet evident | G1: Row checks | I1: Translates to
A2: Analysis decisions | B2: All your contrast coding/transformation decisions are appropriate for your analysis goals. | G2: =IF(COUNT(C2,D2,E2,F2)=2, "More than one entry!", IF(COUNT(C2,D2,E2,F2)=0, "No entries!", "")) -> No entries! | I2: =IF($C2=1, 3, IF($D2=1, 2, IF($E2=1, 1, IF($F2 = 1, 0, 0)))) -> 0
A3: Analysis decisions | B3: You fit a model that reasonably represents the data generating process. | G3: =IF(COUNT(C3,D3,E3,F3)=2, "More than one entry!", IF(COUNT(C3,D3,E3,F3)=0, "No entries!", "")) -> No entries! | I3: =IF($C3=1, 3, IF($D3=1, 2, IF($E3=1, 1, IF($F3 = 1, 0, 0)))) -> 0
A4: Analysis decisions | B4: You correctly identify what significance test(s) and/or model comparison(s) are required to address the RQ(s). | G4: =IF(COUNT(C4,D4,E4,F4)=2, "More than one entry!", IF(COUNT(C4,D4,E4,F4)=0, "No entries!", "")) -> No entries! | I4: =IF($C4=1, 3, IF($D4=1, 2, IF($E4=1, 1, IF($F4 = 1, 0, 0)))) -> 0
A5: Describing analysis | B5: You accurately and concisely describe the steps you took to tidy the data | G5: =IF(COUNT(C5,D5,E5,F5)=2, "More than one entry!", IF(COUNT(C5,D5,E5,F5)=0, "No entries!", "")) -> No entries! | I5: =IF($C5=1, 3, IF($D5=1, 2, IF($E5=1, 1, IF($F5 = 1, 0, 0)))) -> 0
A6: Describing analysis | B6: You accurately and concisely describe and motivate your contrast coding/transformation decisions. | G6: =IF(COUNT(C6,D6,E6,F6)=2, "More than one entry!", IF(COUNT(C6,D6,E6,F6)=0, "No entries!", "")) -> No entries! | I6: =IF($C6=1, 3, IF($D6=1, 2, IF($E6=1, 1, IF($F6 = 1, 0, 0)))) -> 0
A7: Describing analysis | B7: You accurately and concisely describe your chosen model. | G7: =IF(COUNT(C7,D7,E7,F7)=2, "More than one entry!", IF(COUNT(C7,D7,E7,F7)=0, "No entries!", "")) -> No entries! | I7: =IF($C7=1, 3, IF($D7=1, 2, IF($E7=1, 1, IF($F7 = 1, 0, 0)))) -> 0
A8: Describing results | B8: You clearly describe the sample and report appropriate descriptive statistics | G8: =IF(COUNT(C8,D8,E8,F8)=2, "More than one entry!", IF(COUNT(C8,D8,E8,F8)=0, "No entries!", "")) -> No entries! | I8: =IF($C8=1, 3, IF($D8=1, 2, IF($E8=1, 1, IF($F8 = 1, 0, 0)))) -> 0
A9: Describing results | B9: All figures and tables give your reader useful information about your data/analysis. | G9: =IF(COUNT(C9,D9,E9,F9)=2, "More than one entry!", IF(COUNT(C9,D9,E9,F9)=0, "No entries!", "")) -> No entries! | I9: =IF($C9=1, 3, IF($D9=1, 2, IF($E9=1, 1, IF($F9 = 1, 0, 0)))) -> 0
A10: Describing results | B10: For each relevant estimated quantity, you describe what it means and report its inferential information (e.g., test statistic, CI or test statistic, df (where appropriate) and p-value). | G10: =IF(COUNT(C10,D10,E10,F10)=2, "More than one entry!", IF(COUNT(C10,D10,E10,F10)=0, "No entries!", "")) -> No entries! | I10: =IF($C10=1, 3, IF($D10=1, 2, IF($E10=1, 1, IF($F10 = 1, 0, 0)))) -> 0
A11: Describing results | B11: You visualise your key results | G11: =IF(COUNT(C11,D11,E11,F11)=2, "More than one entry!", IF(COUNT(C11,D11,E11,F11)=0, "No entries!", "")) -> No entries! | I11: =IF($C11=1, 3, IF($D11=1, 2, IF($E11=1, 1, IF($F11 = 1, 0, 0)))) -> 0
A12: Describing results | B12: You accurately interpret the estimated quantity/quantities from your analysis to address each RQ/prediction. | G12: =IF(COUNT(C12,D12,E12,F12)=2, "More than one entry!", IF(COUNT(C12,D12,E12,F12)=0, "No entries!", "")) -> No entries! | I12: =IF($C12=1, 3, IF($D12=1, 2, IF($E12=1, 1, IF($F12 = 1, 0, 0)))) -> 0
A13: Describing results | B13: You correctly interpret the random effect estimates relative to the fixed effect estimates. | G13: =IF(COUNT(C13,D13,E13,F13)=2, "More than one entry!", IF(COUNT(C13,D13,E13,F13)=0, "No entries!", "")) -> No entries! | I13: =IF($C13=1, 3, IF($D13=1, 2, IF($E13=1, 1, IF($F13 = 1, 0, 0)))) -> 0
... A18: Mechanics | B18: Your code exactly reproduces the analyses, results, and tables/plots you present in the report. | G18: =IF(COUNT(C18,D18,E18,F18)=2, "More than one entry!", IF(COUNT(C18,D18,E18,F18)=0, "No entries!", "")) -> No entries! | I18: =IF($C18=1, 3, IF($D18=1, 2, IF($E18=1, 1, IF($F18 = 1, 0, 0)))) -> 0

Sheet GRADE
A1: Category | B1: Category weight | C1: Category sum | D1: Category proportion | F1: Weighted average | G1: To nearest grade band
A2: Analysis decisions | B2: 0.3 | C2: =SUMIF(RUBRIC!A:A, A2, RUBRIC!I:I) -> 0 | D2: =C2 / (3 * COUNTIF(RUBRIC!$A:$A, $A2)) -> 0 | F2: =((B2 * D2) + (B3 * D3) + (B4 * D4) + (B5 * D5))*100 -> 0
A3: Describing analysis | B3: 0.3 | C3: =SUMIF(RUBRIC!A:A, A3, RUBRIC!I:I) -> 0 | D3: =C3 / (3 * COUNTIF(RUBRIC!$A:$A, $A3)) -> 0
A4: Describing results | B4: 0.3 | C4: =SUMIF(RUBRIC!A:A, A4, RUBRIC!I:I) -> 0 | D4: =C4 / (3 * COUNTIF(RUBRIC!$A:$A, $A4)) -> 0
A5: Mechanics | B5: 0.1 | C5: =SUMIF(RUBRIC!A:A, A5, RUBRIC!I:I) -> 0 | D5: =C5 / (3 * COUNTIF(RUBRIC!$A:$A, $A5)) -> 0

Sheet JK_corpus_crew
A1: Category | B1: Specification | D1: "Clearly evident" notes | E1: Clearly evident | G1: "Somewhat evident" notes | H1: Somewhat evident | J1: "Not yet evident" notes | K1: Not yet evident | M1: Translates to | O1: EP notes on specs
A2: Analysis decisions | B2: All the data tidying steps you undertake are appropriate. | G2: didn't remove missing? | H2: 1 | M2: =IF($E2=1, 3, IF($H2=1, 2, IF($K2 = 1, 1, 0))) -> 2 | O2: And the steps you didn't undertake but should have? :D I think it's fine as-is, this current phrasing will make us focus on what IS there, not what's missing, which is what I want I think
A3: Analysis decisions | B3: All your contrast coding/transformation decisions are appropriate for your analysis goals. | D3: fine? | E3: 1 | M3: =IF($E3=1, 3, IF($H3=1, 2, IF($K3 = 1, 1, 0))) -> 3
A4: Analysis decisions | B4: All the assumption/diagnostic checks you conducted are appropriate for your model. | D4: plenty | E4: 1 | M4: =IF($E4=1, 3, IF($H4=1, 2, IF($K4 = 1, 1, 0))) -> 3
A5: Analysis decisions | B5: You fit a linear model that reasonably represents the data generating process. | G5: not bad. No absdial|spec | H5: 1 | M5: =IF($E5=1, 3, IF($H5=1, 2, IF($K5 = 1, 1, 0))) -> 2
A6: Analysis decisions | B6: You correctly identify what significance test(s) and/or model comparison(s) are required to address the RQ(s). | D6: coefficients | E6: ? | G6: model comp misses target | H6: 1 | M6: =IF($E6=1, 3, IF($H6=1, 2, IF($K6 = 1, 1, 0))) -> 2
A7: Methods section | B7: Your data tidying is described accurately, thoroughly, and concisely. | G7: weird | H7: 1 | M7: =IF($E7=1, 3, IF($H7=1, 2, IF($K7 = 1, 1, 0))) -> 2
A8: Methods section | B8: Your contrast coding/transformations are described accurately, thoroughly, and concisely. | J8: no mention | K8: 1 | M8: =IF($E8=1, 3, IF($H8=1, 2, IF($K8 = 1, 1, 0))) -> 1
A9: Methods section | B9: You clearly describe a process of model building/simplification that led to your final model. | J9: no mention | K9: 1 | M9: =IF($E9=1, 3, IF($H9=1, 2, IF($K9 = 1, 1, 0))) -> 1
A10: Methods section | B10: Your final model is described accurately, thoroughly, and concisely. | G10: slightly unclear | H10: 1 | M10: =IF($E10=1, 3, IF($H10=1, 2, IF($K10 = 1, 1, 0))) -> 2
A11: Results section | B11: You clearly report appropriate descriptive statistics (e.g., in a table or a plot). | G11: minimal | H11: 1 | M11: =IF($E11=1, 3, IF($H11=1, 2, IF($K11 = 1, 1, 0))) -> 2 | O11: do we count "plotting the data" as a descriptives plot? I would say yes and include it here, so I would like to adjust the phrasing of this spec to make that clearer
A12: Results section | B12: For each relevant estimated quantity, you describe what it means and report its inferential information (e.g., test statistic, CI, and p-value). | G12: simple as main, no explanation of interaction meaning | H12: 1 | M12: =IF($E12=1, 3, IF($H12=1, 2, IF($K12 = 1, 1, 0))) -> 2
A13: Results section | B13: You visualise the model's estimates in a plot. | E13: ? | G13: in appendix. just fixef lines | H13: 1 | M13: =IF($E13=1, 3, IF($H13=1, 2, IF($K13 = 1, 1, 0))) -> 2
A14: Results section | B14: You clearly and concisely report your model assumption/diagnostic checks (including plots in an appendix, if desired). | D14: plenty here | E14: 1 | M14: =IF($E14=1, 3, IF($H14=1, 2, IF($K14 = 1, 1, 0))) -> 3
A15: Results section | B15: You use the estimated quantity(ies) from your analysis to accurately address the RQ(s)/hypothesis(es). | D15: coefficients | E15: ? | G15: model comp misinterp | H15: 1 | M15: =IF($E15=1, 3, IF($H15=1, 2, IF($K15 = 1, 1, 0))) -> 2
A16: Results section | B16: You correctly interpret the random effect estimates relative to the fixed effect estimates. | G16: stated but not explained | H16: 1 | M16: =IF($E16=1, 3, IF($H16=1, 2, IF($K16 = 1, 1, 0))) -> 2
A17: Conclusion section | B17: You clearly, concisely, and accurately use your analysis results to answer the given research question(s). | G17: unclear (conclusion doesn’t refer to interaction effects, just to 'category matters') | H17: 1 | M17: =IF($E17=1, 3, IF($H17=1, 2, IF($K17 = 1, 1, 0))) -> 2
A18: Mechanics | B18: Your report is clearly structured and easy to understand. | D18: fine | E18: 1 | M18: =IF($E18=1, 3, IF($H18=1, 2, IF($K18 = 1, 1, 0))) -> 3
A19: Mechanics | B19: You introduce each figure and table in the text and cross-reference their numbers appropriately (including figures shown in Appendix A). | D19: yes? | E19: 1 | M19: =IF($E19=1, 3, IF($H19=1, 2, IF($K19 = 1, 1, 0))) -> 3
A20: Mechanics | B20: Your report contains no R code. | D20: none | E20: 1 | M20: =IF($E20=1, 3, IF($H20=1, 2, IF($K20 = 1, 1, 0))) -> 3
A21: Mechanics | B21: Your code exactly reproduces the analyses, results, and tables/plots you present in the report. | D21: yep | E21: 1 | M21: =IF($E21=1, 3, IF($H21=1, 2, IF($K21 = 1, 1, 0))) -> 3

Sheet JK_get_score
A1: Category | B1: Category weight | C1: Category sum | D1: Category proportion | F1: Weighted average | G1: To nearest grade band
A2: Analysis decisions | B2: 0.3 | C2: =SUMIF(JK_corpus_crew!A:A, A2, JK_corpus_crew!M:M) -> 12 | D2: =C2 / (3 * COUNTIF(JK_corpus_crew!$A:$A, $A2)) -> 0.8 | F2: =((B2 * D2) + (B3 * D3) + (B4 * D4))*100 -> 55.666667 | G2: 55
A3: Methods section | B3: 0.2 | C3: =SUMIF(JK_corpus_crew!A:A, A3, JK_corpus_crew!M:M) -> 6 | D3: =C3 / (3 * COUNTIF(JK_corpus_crew!$A:$A, $A3)) -> 0.5
A4: Results section | B4: 0.3 | C4: =SUMIF(JK_corpus_crew!A:A, A4, JK_corpus_crew!M:M) -> 13 | D4: =C4 / (3 * COUNTIF(JK_corpus_crew!$A:$A, $A4)) -> 0.72222222
A5: Conclusion section | B5: 0.1 | C5: =SUMIF(JK_corpus_crew!A:A, A5, JK_corpus_crew!M:M) -> 2 | D5: =C5 / (3 * COUNTIF(JK_corpus_crew!$A:$A, $A5)) -> 0.66666667
A6: Mechanics | B6: 0.1 | C6: =SUMIF(JK_corpus_crew!A:A, A6, JK_corpus_crew!M:M) -> 12 | D6: =C6 / (3 * COUNTIF(JK_corpus_crew!$A:$A, $A6)) -> 1
B8: =IF(SUM(B2:B6) = 1, "^ sums to 1", "^ doesn't sum to 1!") -> ^ sums to 1
